Feature,Importance
thalach,0.2846183740903123
age,0.25596913609260263
chol,0.20343533020310242
trestbps,0.17586477277937823
sex,0.0801123868346044
